time (msec),x axis,y axis,z axis
0,1728,-15736,2748
10,2928,-15780,1920
20,4492,-16188,1340
30,2272,-14536,2092
40,2700,-16180,2652
50,3484,-16400,1640
60,3696,-15912,1524
70,4076,-15352,1212
80,4036,-14228,1212
90,3336,-15380,2128
100,2540,-15088,2056
110,3452,-16444,2064
120,3480,-16004,2292
130,3420,-15632,2072
140,3404,-15444,2116
150,3448,-15956,2200
160,3396,-15924,1976
170,3464,-15940,1984
180,3092,-15588,1872
190,3440,-15488,1612
200,3272,-15024,1956
210,3104,-15344,1724
220,3348,-15552,2100
230,3332,-15740,2300
240,3324,-15624,2104
250,3372,-15564,2252
260,3404,-15392,2148
270,3176,-15656,2064
280,3212,-15980,1996
290,3212,-16372,2136
300,3148,-15804,2188
310,3128,-15732,1920
320,3084,-15588,2044
330,3060,-15732,2068
340,2992,-15948,1948
350,2996,-15936,1932
360,2916,-15828,1932
370,2948,-15696,1812
380,2920,-15984,2036
390,3100,-15708,1828
400,3236,-16040,1988
410,3204,-15968,1976
420,3356,-15968,1984
430,3260,-16092,1904
440,3276,-15876,2016
450,3336,-15928,2032
460,3440,-15420,2200
470,3516,-15720,1676
480,3168,-15444,1592
490,3132,-15524,1472
500,3176,-15580,1620
510,3112,-15384,1528
520,3332,-15384,1480
530,3388,-15796,1228
540,3472,-15676,1348
550,3296,-16348,1208
560,3452,-16004,1260
570,3392,-16144,1044
580,3332,-16428,1248
590,3180,-16604,1388
600,3588,-16152,712
610,3856,-16364,1272
620,3520,-16436,976
630,3708,-16276,780
640,3528,-16116,720
650,3604,-16040,828
660,3676,-15700,672
670,3572,-15892,368
680,3652,-16124,504
690,3668,-16112,628
700,3776,-15892,188
710,3520,-16652,552
720,3672,-15948,584
730,4008,-16096,56
740,3584,-16392,-260
750,3712,-16408,-92
760,3712,-16308,148
770,3728,-16272,228
780,3720,-16224,88
790,3716,-16516,-84
800,3592,-16340,-52
810,3536,-16144,-140
820,3696,-15876,-132
830,3828,-15924,-152
840,3720,-16100,-624
850,4008,-16180,-476
860,3964,-16320,-636
870,3968,-16388,-520
880,4024,-15996,-608
890,4020,-15800,-448
900,4016,-15832,-596
910,3872,-15832,-572
920,3752,-16008,-804
930,3696,-15896,-776
940,3832,-15948,-1072
950,3840,-15968,-1072
960,3988,-16028,-1192
970,3996,-16148,-996
980,3960,-16276,-1172
990,3860,-16220,-1224
1000,3756,-16140,-1320
1010,3816,-16140,-1476
1020,4120,-16312,-1644
1030,4168,-16444,-1720
1040,4080,-16328,-1656
1050,3960,-16224,-1636
1060,3848,-16000,-1592
1070,3800,-16204,-1592
1080,3868,-16100,-1776
1090,3884,-16080,-1984
1100,4160,-16112,-2048
1110,4108,-16224,-2076
1120,4076,-16112,-1960
1130,4300,-16452,-2348
1140,4436,-16332,-2304
1150,4448,-16260,-2460
1160,4048,-16140,-2356
1170,3952,-16396,-2280
1180,3748,-16368,-2116
1190,3780,-16196,-2188
1200,4024,-16412,-2428
1210,3996,-16260,-2364
1220,4084,-16524,-2516
1230,3948,-16400,-2576
1240,3740,-16344,-2348
1250,3744,-16116,-2404
1260,3996,-16160,-2536
1270,4132,-16116,-2472
1280,4292,-16000,-2796
1290,4660,-15704,-2352
1300,4160,-16176,-2148
1310,4168,-16332,-2568
1320,4492,-15852,-2668
1330,4244,-15992,-2464
1340,4072,-16072,-2140
1350,3688,-16044,-2120
1360,3648,-16300,-2076
1370,3700,-15916,-2100
1380,3880,-15780,-2036
1390,3884,-15748,-2340
1400,3888,-15688,-2580
1410,3984,-15784,-2620
1420,3964,-15772,-2748
1430,4232,-15996,-2640
1440,4076,-15940,-2712
1450,3868,-15912,-2760
1460,3928,-15976,-2608
1470,3868,-16072,-2572
1480,3984,-16216,-2552
1490,4052,-16276,-2604
1500,4056,-16488,-2680
1510,4084,-16552,-2560
1520,4188,-16592,-2632
1530,4352,-16444,-2584
1540,4392,-16392,-2740
1550,4488,-16468,-2700
1560,4328,-16420,-2632
1570,4388,-16280,-2604
1580,4232,-16492,-2676
1590,4276,-16368,-2708
1600,4424,-16564,-2796
1610,4404,-16504,-2708
1620,4348,-16632,-2576
1630,4436,-16432,-2420
1640,4188,-16596,-2384
1650,4080,-16628,-2292
1660,4096,-16688,-2344
1670,3944,-16484,-2300
1680,4276,-16496,-2220
1690,4292,-16648,-2152
1700,4104,-16760,-1988
1710,4080,-16884,-2040
1720,3960,-16568,-1788
1730,4028,-16756,-1772
1740,3980,-16824,-1716
1750,4120,-16848,-1536
1760,4016,-16856,-1320
1770,3860,-16800,-1324
1780,3992,-16908,-1248
1790,3964,-16732,-1176
1800,4008,-16848,-888
1810,4048,-16844,-612
1820,3864,-16592,-664
1830,3932,-16344,-336
1840,3708,-16664,-460
1850,3452,-16220,-408
1860,3688,-16144,-176
1870,3544,-15944,-168
1880,3628,-15716,-108
1890,3432,-15584,-24
1900,3628,-15936,396
1910,3280,-15524,144
1920,3120,-15576,168
1930,3128,-15632,352
1940,3312,-15684,92
1950,2808,-15620,676
1960,2664,-16028,780
1970,2896,-14860,364
1980,2708,-14892,408
1990,2576,-15652,1140
2000,2832,-15388,508
2010,2788,-15296,856
2020,2980,-15360,412
2030,3104,-15164,928
2040,2792,-14776,1060
2050,2564,-15548,1604
2060,2972,-15496,1232
2070,2948,-15092,1260
2080,2844,-15420,1324
2090,2764,-15424,1592
2100,2800,-15948,1384
2110,2740,-15216,1576
2120,3100,-16672,1180
2130,2472,-16340,1572
2140,3368,-15688,1428
2150,2824,-15888,1720
2160,2980,-16004,1660
2170,3084,-15740,1436
2180,2988,-15952,1640
2190,3108,-15848,1580
2200,2848,-15756,2224
2210,2732,-15780,1648
2220,2944,-15328,1588
2230,3188,-16276,1224
2240,3404,-16256,1420
2250,3196,-15564,1552
2260,2892,-15800,1528
2270,3016,-15536,1612
2280,2932,-15668,1560
2290,3076,-16012,1560
2300,2996,-16040,1480
2310,3016,-16060,1488
2320,2912,-15928,1452
2330,2796,-15808,1604
2340,2516,-15824,1640
2350,2420,-15840,1536
2360,2548,-15576,1520
2370,2652,-15808,1712
2380,2640,-16064,1584
2390,2640,-15712,1648
2400,2756,-15808,1652
2410,2756,-15852,1696
2420,2876,-15936,1500
2430,2892,-15716,1536
2440,2948,-15696,1672
2450,3112,-16028,1524
2460,3024,-16056,1764
2470,3128,-15992,1532
2480,3004,-16072,1588
2490,3008,-15904,1680
2500,3076,-16016,1468
2510,3232,-15900,1628
2520,3388,-15956,1660
2530,3236,-15984,1188
2540,3012,-16572,1004
2550,3216,-15600,1012
2560,2940,-16000,1352
2570,2916,-16320,1288
2580,3204,-16176,1088
2590,3132,-15968,1200
2600,3044,-16044,1220
2610,3192,-16316,1172
2620,3240,-16340,1144
2630,3364,-16208,976
2640,3460,-16280,1140
2650,3432,-16076,772
2660,3540,-15980,880
2670,3600,-15936,812
2680,3576,-16212,796
2690,3952,-16208,520
2700,3852,-16360,676
2710,3772,-16432,632
2720,3740,-16232,644
2730,3712,-16084,552
2740,3468,-16076,648
2750,3532,-16244,768
2760,3528,-16072,368
2770,3712,-16400,652
2780,3564,-16148,552
2790,3404,-15820,264
2800,3440,-15828,544
2810,3432,-15844,484
2820,3384,-15832,512
2830,3360,-15584,360
2840,3468,-15820,272
2850,3368,-15500,164
2860,3428,-15628,376
2870,3488,-15728,168
2880,3564,-15996,-180
2890,3568,-16184,68
2900,3528,-15944,76
2910,3684,-16040,108
2920,3768,-15940,116
2930,3856,-15924,0
2940,3880,-16204,24
2950,3888,-15956,-324
2960,3824,-16096,-416
2970,3812,-16272,-120
2980,3700,-16132,-540
2990,3608,-16328,-780
3000,3440,-16576,-280
3010,3356,-16000,-928
3020,3956,-15928,-600
3030,3948,-16352,-800
3040,3996,-16628,-672
3050,4200,-16632,-1052
3060,4036,-16416,-844
3070,3968,-16180,-996
3080,3828,-16380,-780
3090,3692,-16116,-624
3100,3388,-16008,-996
3110,3512,-16028,-952
3120,3508,-16212,-1140
3130,3528,-16276,-1212
3140,3840,-15908,-1248
3150,4084,-16172,-1104
3160,4248,-16480,-1364
3170,4212,-16284,-1068
3180,4168,-16188,-1128
3190,3996,-16120,-1236
3200,4148,-15984,-1308
3210,4116,-16040,-1452
3220,4256,-16344,-1300
3230,4184,-16204,-1140
3240,4088,-16192,-1496
3250,3908,-16264,-1600
3260,3792,-16156,-1816
3270,3860,-16228,-1704
3280,3948,-16352,-1516
3290,3732,-16276,-1412
3300,3600,-16020,-1472
3310,3604,-16152,-1556
3320,3808,-16408,-1592
3330,3900,-16212,-1796
3340,4092,-16064,-1828
3350,4156,-15820,-1520
3360,4008,-15880,-1780
3370,4024,-15904,-1720
3380,4004,-15744,-1684
3390,4136,-15976,-1840
3400,4256,-15748,-1724
3410,4100,-15796,-1892
3420,4092,-15820,-1620
3430,3880,-15852,-1856
3440,4028,-15796,-1940
3450,3984,-15768,-2012
3460,4208,-15776,-1868
3470,4256,-15868,-1956
3480,4144,-15852,-2076
3490,4116,-16208,-2172
3500,4080,-16172,-2072
3510,4088,-15824,-1836
3520,4052,-15948,-2088
3530,4008,-15936,-2260
3540,4268,-16192,-2216
3550,4180,-16268,-2368
3560,4248,-16456,-2416
3570,4332,-16116,-2516
3580,4364,-16092,-2744
3590,4492,-16208,-2448
3600,4436,-16204,-2656
3610,4156,-16212,-2588
3620,4116,-16084,-2472
3630,4200,-16220,-2652
3640,4144,-16140,-2376
3650,4228,-16084,-2708
3660,4108,-16244,-2628
3670,4232,-16208,-2648
3680,4520,-16264,-2836
3690,4480,-16384,-2660
3700,4372,-16128,-2616
3710,4428,-16096,-2564
3720,4440,-15904,-2392
3730,4448,-16180,-2472
3740,4512,-16344,-2576
3750,4596,-16308,-2620
3760,4708,-16652,-2820
3770,4460,-16884,-2524
3780,4480,-16912,-2568
3790,4508,-16520,-2580
3800,4540,-16764,-2188
3810,4524,-16424,-2392
3820,4816,-16484,-2428
3830,4764,-16540,-2488
3840,4660,-16288,-2256
3850,4728,-16488,-2000
3860,4668,-16360,-2344
3870,5000,-16716,-2164
3880,4924,-17008,-2240
3890,4696,-16804,-2128
3900,4808,-16512,-1984
3910,4684,-16816,-1916
3920,4588,-16532,-1364
3930,4740,-16852,-1704
3940,4556,-17012,-1560
3950,4764,-16704,-1320
3960,4700,-16360,-1232
3970,4484,-16300,-1408
3980,4712,-16512,-1216
3990,4484,-16624,-904
4000,4740,-16348,-1132
4010,4760,-16204,-816
4020,4816,-16216,-684
4030,4648,-16584,-724
4040,4548,-16068,-1128
4050,4732,-15912,-616
4060,4524,-16104,-200
4070,4112,-16256,360
4080,4068,-15704,64
4090,4000,-16032,492
4100,3752,-15676,260
4110,3816,-15628,328
4120,3944,-15472,308
4130,3376,-16576,884
4140,3792,-15372,552
4150,3800,-15428,940
4160,3396,-15112,644
4170,3356,-14488,636
4180,2964,-15288,1208
4190,3300,-14424,744
4200,3380,-14628,1360
4210,3180,-15192,820
4220,3416,-14608,1324
4230,3532,-15156,1068
4240,3400,-14856,912
4250,3356,-14888,888
4260,3024,-15404,1384
4270,2900,-15156,1332
4280,3020,-15108,1584
4290,3228,-15268,1444
4300,3296,-15204,1604
4310,3216,-15372,1128
4320,3344,-15716,1616
4330,3508,-15628,1540
4340,3456,-15496,1764
4350,3564,-15944,1756
4360,3580,-15900,1376
4370,3232,-15656,1848
4380,3384,-15844,1884
4390,3196,-15616,1320
4400,3396,-15864,1608
4410,3140,-16032,1668
4420,3188,-16024,1408
4430,3256,-15940,1296
4440,3124,-15988,1536
4450,3020,-16032,1608
4460,2916,-15908,1572
4470,2752,-15884,1672
4480,2748,-15680,1604
4490,2856,-15828,1540
4500,2908,-15664,1400
4510,3016,-15652,1400
4520,3088,-15684,1448
4530,3184,-15840,1420
4540,3252,-15728,1560
4550,3212,-15696,1372
4560,3276,-15820,1340
4570,3228,-15720,1388
4580,3236,-15856,1512
4590,3156,-15900,1816
4600,3132,-15964,1808
4610,3232,-16220,1612
4620,3088,-15864,1484
4630,3112,-15812,1480
4640,3444,-16116,1608
4650,3672,-16340,1496
4660,3664,-16116,1500
4670,3568,-16108,1352
4680,3540,-16012,1264
4690,3624,-15936,1328
4700,3384,-16028,1380
4710,3364,-15792,1324
4720,3228,-15668,1416
4730,3192,-15912,1272
4740,3460,-15952,1248
4750,3500,-15976,1028
4760,3512,-15984,1216
4770,3584,-15932,908
4780,3604,-15508,1204
4790,3756,-15808,1212
4800,3896,-15760,792
4810,3620,-16280,848
4820,3704,-16064,1004
4830,3536,-16004,876
4840,3276,-16048,1132
4850,3256,-15504,1120
4860,3292,-15872,936
4870,3436,-16180,868
4880,3656,-16364,604
4890,3704,-16116,668
4900,3948,-16036,604
4910,3988,-16156,744
4920,3936,-16132,640
4930,4252,-16100,396
4940,4216,-16236,600
4950,4236,-16108,288
4960,4212,-16000,292
4970,3988,-16096,488
4980,3928,-16196,592
4990,3928,-16200,384
5000,3684,-16100,328
5010,3700,-16180,196
5020,3792,-16348,140
5030,3716,-16268,252
5040,3880,-16172,292
5050,3888,-16024,204
5060,3832,-16076,-36
5070,3928,-16308,112
5080,3944,-16344,32
5090,4052,-16180,-28
5100,4128,-16256,-32
5110,4164,-16340,-120
5120,4096,-16036,-52
5130,4096,-15948,-108
5140,3888,-16008,-204
5150,3884,-15852,-276
5160,4092,-15948,-320
5170,4144,-15812,-204
5180,4056,-15764,-512
5190,4064,-15872,-292
5200,3920,-15776,-296
5210,3924,-15600,-508
5220,3892,-15652,-492
5230,4196,-15676,-400
5240,4272,-15900,-432
5250,4268,-15520,-456
5260,4200,-15932,-524
5270,3940,-15984,-784
5280,3832,-15696,-692
5290,3816,-15428,-548
5300,4024,-15644,-988
5310,4288,-15824,-1176
5320,4400,-15940,-1012
5330,4276,-16068,-1148
5340,4256,-16052,-976
5350,4056,-16460,-1152
5360,4284,-16320,-1240
5370,4456,-16204,-1520
5380,4408,-16284,-1312
5390,4136,-16180,-1376
5400,4108,-16268,-1440
5410,4220,-16368,-1404
5420,4252,-16500,-1436
5430,4416,-16240,-1556
5440,4520,-16180,-1624
5450,4536,-16076,-1628
5460,4400,-16048,-1656
5470,4372,-16108,-1704
5480,4348,-16140,-1540
5490,4304,-16236,-1672
5500,4288,-16248,-1716
5510,4176,-16140,-1940
5520,4156,-16080,-1932
5530,4148,-15916,-1824
5540,4200,-15928,-1776
5550,4356,-15996,-2016
5560,4304,-16372,-2124
5570,4392,-16088,-2176
5580,4304,-16076,-1916
5590,3936,-16184,-2140
5600,4008,-16308,-2140
5610,4100,-16444,-2008
5620,4112,-16320,-2032
5630,4140,-16104,-2192
5640,4164,-15900,-1856
5650,4300,-16108,-2104
5660,4116,-16052,-2212
5670,4300,-16072,-2272
5680,4296,-15940,-2092
5690,4156,-15724,-2048
5700,4224,-15928,-2112
5710,4160,-15944,-2204
5720,4388,-16104,-2384
5730,4404,-16052,-2400
5740,4372,-15948,-2364
5750,4572,-15896,-2144
5760,4492,-16004,-2168
5770,4400,-16016,-2204
5780,4256,-15764,-2064
5790,4188,-15788,-2192
5800,4412,-16000,-2192
5810,4288,-15956,-2240
5820,4372,-16248,-2288
5830,4372,-16176,-2392
5840,4276,-16380,-2256
5850,4148,-16300,-2472
5860,4280,-16280,-2428
5870,4096,-16192,-2424
5880,4136,-16084,-2292
5890,4252,-16240,-2400
5900,4424,-16564,-2456
5910,4592,-16476,-2388
5920,4556,-16476,-2468
5930,4608,-16584,-2376
5940,4660,-16572,-2552
5950,4736,-16652,-2420
5960,4676,-16420,-2140
5970,4580,-16436,-2176
5980,4680,-16544,-1828
5990,4612,-16292,-2316
6000,4536,-16332,-2184
6010,4596,-16488,-1864
6020,4436,-16620,-2136
6030,4480,-16512,-2024
6040,4352,-16652,-1756
6050,4240,-16556,-1572
6060,4324,-16416,-1520
6070,4220,-16576,-1696
6080,4304,-16504,-1556
6090,4372,-16528,-1548
6100,4256,-16476,-1232
6110,4168,-16388,-1152
6120,4072,-16348,-988
6130,4008,-16280,-1008
6140,4172,-15940,-924
6150,4040,-15928,-960
6160,4432,-15992,-672
6170,4164,-16168,-852
6180,4000,-16104,-436
6190,3920,-15960,-812
6200,3808,-15924,-592
6210,3732,-16040,-508
6220,3724,-15568,-928
6230,3680,-15988,-524
6240,3768,-15796,-36
6250,3620,-15576,-624
6260,3596,-16024,-96
6270,3664,-15972,-88
6280,3764,-15652,156
6290,3680,-16204,316
6300,3768,-15560,428
6310,4044,-15624,-72
6320,4060,-15920,336
6330,3920,-15280,224
6340,3852,-15580,516
6350,3888,-15752,676
6360,3892,-15664,744
6370,4024,-15776,424
6380,4012,-15808,676
6390,3856,-15748,892
6400,3732,-16092,792
6410,3552,-15812,864
6420,3428,-15564,1072
6430,3392,-15508,892
6440,3428,-15468,928
6450,3248,-15716,752
6460,3212,-15436,776
6470,3148,-15604,516
6480,3096,-15828,812
6490,3280,-15868,488
6500,3220,-16164,792
6510,3336,-15808,868
6520,3180,-15860,728
6530,3252,-15488,1188
6540,3208,-16080,552
6550,3540,-16040,780
6560,3564,-16156,996
6570,3632,-16036,860
6580,3496,-16196,932
6590,3376,-16120,1200
6600,3532,-15956,1264
6610,3472,-16300,1160
6620,3564,-16188,968
6630,3688,-15656,1304
6640,3324,-15800,1248
6650,3268,-16184,1164
6660,3112,-16224,1280
6670,3156,-15964,1228
6680,3216,-15876,1352
6690,3228,-15504,1084
6700,3044,-15432,1088
6710,2980,-15472,1244
6720,2980,-15400,1264
6730,3020,-15552,1140
6740,3032,-15452,1140
6750,3036,-15276,1032
6760,3072,-15468,1120
6770,2948,-15484,1208
6780,3032,-15820,1292
6790,3136,-15552,1112
6800,3048,-15584,1204
6810,3096,-15480,1360
6820,3232,-15732,1120
6830,3260,-15760,1384
6840,3288,-15808,1488
6850,3260,-15716,1116
6860,3444,-15892,1072
6870,3596,-15868,1224
6880,3780,-15884,952
6890,4040,-15928,800
6900,3772,-15900,1076
6910,3520,-16192,1244
6920,3532,-15908,816
6930,3800,-16120,736
6940,3780,-15896,892
6950,3820,-15900,900
6960,3844,-16180,744
6970,3760,-16072,812
6980,3816,-16008,356
6990,3704,-16028,780
7000,3880,-15724,392
7010,3960,-16060,80
7020,3964,-15992,380
7030,3860,-16004,396
7040,3728,-16280,756
7050,3724,-16112,460
7060,3700,-16320,468
7070,3832,-16188,260
7080,4008,-16156,140
7090,3780,-16356,132
7100,3768,-16056,-24
7110,3772,-16140,76
7120,3780,-15900,-136
7130,3668,-16120,-204
7140,3760,-15976,64
7150,3748,-15852,16
7160,3888,-15876,-152
7170,3928,-15868,-56
7180,3968,-15972,-20
7190,3972,-15900,-212
7200,3944,-16384,-112
7210,3992,-16128,-44
7220,4072,-16216,-212
7230,3936,-16444,-336
7240,3736,-16376,60
7250,4028,-16012,-360
7260,4080,-15896,-752
7270,4180,-15988,-436
7280,4216,-15904,-600
7290,4100,-16008,-656
7300,4092,-16052,-540
7310,4132,-15756,-700
7320,4136,-15996,-928
7330,4176,-16040,-748
7340,4024,-16040,-760
7350,4084,-16148,-628
7360,3908,-16344,-912
7370,3684,-16276,-1124
7380,3780,-16256,-892
7390,3752,-16128,-960
7400,3812,-16140,-1116
7410,3832,-16084,-1080
7420,3904,-16252,-1368
7430,3972,-16280,-1160
7440,3988,-16004,-932
7450,3980,-16064,-1436
7460,4032,-15584,-1456
7470,4324,-15604,-1464
7480,4268,-15696,-1268
7490,4256,-15788,-1528
7500,4280,-16148,-1388
7510,4172,-16116,-1624
7520,4208,-15844,-1560
7530,4284,-16316,-1540
7540,4356,-16212,-1900
7550,4624,-15992,-1680
7560,4808,-16300,-1436
7570,4664,-16096,-1400
7580,4744,-16000,-1864
7590,4788,-16168,-1576
7600,4904,-16008,-1348
7610,4412,-16332,-1788
7620,4160,-16144,-2128
7630,3896,-16192,-2348
7640,3740,-16424,-1844
7650,3520,-16292,-1752
7660,3768,-16036,-1796
7670,3920,-16060,-1896
7680,4112,-16224,-2044
7690,4148,-16048,-1944
7700,4208,-16116,-1940
7710,4276,-15980,-1848
7720,4472,-16232,-2004
7730,4444,-15796,-2056
7740,4428,-15940,-1916
7750,4288,-15996,-1804
7760,4276,-16152,-1780
7770,4308,-15900,-2080
7780,4044,-16176,-1888
7790,4208,-15816,-2088
7800,4000,-15928,-2148
7810,4140,-15872,-2008
7820,4136,-15876,-2124
7830,4192,-15876,-1872
7840,4136,-15680,-2020
7850,4268,-15620,-1912
7860,4352,-15680,-2100
7870,4492,-15588,-2176
7880,4504,-15540,-2144
7890,4444,-15748,-2116
7900,4416,-15924,-1756
7910,4216,-16032,-2096
7920,4312,-15980,-1956
7930,4504,-15816,-2124
7940,4488,-15972,-2148
7950,4468,-15988,-2420
7960,4324,-16260,-2680
7970,4332,-16300,-2292
7980,4276,-16176,-2676
7990,4064,-16100,-2236
8000,4296,-16364,-2328
8010,3992,-16540,-2392
8020,4132,-16268,-2380
8030,4132,-16500,-2404
8040,4424,-16532,-2396
8050,4652,-16856,-2596
8060,4472,-16832,-2508
8070,4520,-16732,-2572
8080,4492,-16536,-2268
8090,4576,-16604,-2264
8100,4488,-16640,-2252
8110,4412,-16584,-2320
8120,4396,-16484,-2508
8130,4308,-16288,-2092
8140,4636,-16164,-2016
8150,4452,-16048,-2212
8160,4560,-16428,-2232
8170,4480,-16556,-2068
8180,4536,-16592,-1724
8190,4516,-16332,-2212
8200,4152,-16476,-1292
8210,4464,-16604,-1536
8220,4148,-16756,-1564
8230,4480,-16616,-1508
8240,4444,-16868,-1476
8250,4352,-16892,-1156
8260,4248,-16276,-1648
8270,4504,-16520,-1148
8280,4432,-16840,-1276
8290,4564,-16692,-1092
8300,4500,-16372,-968
8310,4336,-16104,-1240
8320,4300,-16456,-1144
8330,4400,-16716,-648
8340,4264,-16564,-876
8350,4372,-16740,-940
8360,4304,-16948,-528
8370,4244,-17168,184
8380,4100,-17148,36
8390,3980,-17096,248
8400,3964,-16752,20
8410,4484,-16272,708
8420,4064,-15864,392
8430,3856,-15820,524
8440,3736,-15880,592
8450,3812,-15588,496
8460,3976,-15008,924
8470,3032,-16420,1280
8480,3348,-14512,440
8490,3028,-15552,864
8500,2440,-15096,876
8510,1960,-15664,920
8520,3136,-15424,648
8530,3200,-14928,1148
8540,3056,-15148,388
8550,3020,-15524,1040
8560,3576,-14588,-368
8570,2888,-15448,688
8580,2396,-14604,1764
8590,2836,-15348,1952
8600,3212,-14868,1780
8610,3248,-14776,856
8620,3016,-15160,1608
8630,3292,-15456,928
8640,2748,-16096,1768
8650,3464,-15668,1264
8660,3460,-15388,1712
8670,3268,-15756,1636
8680,3472,-15336,1588
8690,3444,-15068,1592
8700,3488,-15604,1876
8710,3404,-15524,1828
8720,3716,-15676,1736
8730,3628,-15692,1904
8740,3512,-15808,1712
8750,3528,-15788,1728
8760,3352,-15660,1584
8770,3352,-15500,1812
8780,3320,-15340,1488
8790,3432,-15548,1456
8800,3316,-15716,1588
8810,3416,-15304,1684
8820,3344,-15744,1484
8830,3312,-15396,1864
8840,3248,-15932,1792
8850,3340,-15552,1856
8860,3468,-15864,1704
8870,3468,-15664,1956
8880,3676,-15988,1728
8890,3608,-16132,1712
8900,3464,-15832,1712
8910,3332,-15816,1572
8920,3120,-15768,1464
8930,3356,-15800,1520
8940,3348,-15848,1556
8950,3340,-15928,1628
8960,3596,-15900,1748
8970,3420,-16216,1960
8980,3612,-15684,1740
8990,3664,-15988,1960
9000,3840,-16148,1596
9010,3548,-15580,1808
9020,3904,-16144,1972
9030,3632,-15968,1756
9040,3764,-15740,1148
9050,3588,-16072,1684
9060,3876,-15548,1328
9070,4188,-15332,1312
9080,3808,-15436,1228
9090,3700,-15572,1468
9100,3772,-15588,1188
9110,3720,-15556,1140
9120,3972,-15404,1012
9130,4000,-15596,804
9140,4156,-15724,1028
9150,3836,-15724,844
9160,3884,-16208,1092
9170,4120,-16336,1064
9180,4432,-16108,852
9190,4476,-16336,900
9200,4444,-15964,928
9210,4516,-16008,344
9220,4328,-16112,648
9230,4532,-15812,600
9240,4644,-15652,440
9250,4552,-16512,532
9260,4464,-16144,456
9270,4584,-16216,560
9280,4556,-15796,360
9290,4588,-16104,240
9300,4516,-15840,436
9310,4492,-15880,180
9320,4888,-16000,4
9330,4904,-16252,176
9340,4716,-16172,352
9350,4380,-16204,-36
9360,4484,-16168,292
9370,4308,-16116,88
9380,4352,-16368,184
9390,4520,-15940,-144
9400,4316,-16168,-96
9410,4376,-15996,4
9420,4444,-16032,-340
9430,4844,-15916,-224
9440,4780,-15956,-396
9450,4900,-16032,-312
9460,4764,-16004,-364
9470,4776,-16108,-268
9480,4592,-15684,-152
9490,4524,-15928,-408
9500,4400,-15920,-332
9510,4432,-16108,-392
9520,4608,-16080,-600
9530,4408,-15952,-484
9540,4348,-16256,-660
9550,4440,-16172,-656
9560,4660,-15896,-540
9570,4456,-15772,-932
9580,5000,-15504,-844
9590,4844,-15896,-888
9600,4780,-15952,-920
9610,4396,-16208,-884
9620,4316,-15884,-896
9630,4344,-15824,-584
9640,4364,-15976,-632
9650,4588,-15880,-936
9660,5004,-15560,-824
9670,4916,-15768,-864
9680,4732,-15868,-868
9690,4532,-15812,-1044
9700,4656,-15908,-1116
9710,4516,-15836,-1140
9720,4856,-15808,-1264
9730,4908,-15804,-1420
9740,4736,-15892,-1148
9750,4548,-15928,-1068
9760,4556,-15504,-1112
9770,4760,-15560,-1736
9780,4752,-15932,-1456
9790,4732,-15588,-1468
9800,4924,-15988,-1644
9810,4844,-15848,-1572
9820,4908,-15716,-1260
9830,4784,-15700,-1484
9840,4604,-15688,-1668
9850,4460,-15928,-1740
9860,4436,-16048,-1380
9870,4624,-16228,-1764
9880,4412,-16340,-1816
9890,4676,-16232,-1892
9900,4776,-16256,-2232
9910,4772,-16252,-1864
9920,4936,-16340,-1824
9930,5128,-16032,-1916
9940,5228,-16220,-1948
9950,5176,-16236,-2052
9960,5292,-16200,-2096
9970,5240,-16232,-1952
9980,5228,-16268,-1972
9990,5160,-16240,-1988
10000,5020,-16248,-1968
10010,4892,-16072,-1848
10020,4900,-16024,-1696
10030,4956,-15996,-1952
10040,4992,-16120,-1924
10050,5012,-16140,-2068
10060,5032,-16452,-2220
10070,4856,-16456,-2036
10080,4768,-16356,-2076
10090,4784,-16356,-2036
10100,4920,-16724,-1596
10110,5000,-16208,-1908
10120,5032,-16520,-2036
10130,4972,-16468,-1756
10140,4860,-16348,-1900
10150,4712,-16544,-1836
10160,4632,-16464,-1836
10170,4576,-16720,-1300
10180,4440,-16204,-1860
10190,4692,-16644,-1756
10200,4872,-16656,-1828
10210,4988,-17080,-1380
10220,5048,-16708,-1788
10230,5364,-16748,-1204
10240,5280,-16936,-1524
10250,5312,-17160,-1056
10260,5476,-16984,-824
10270,5316,-16452,-1272
10280,5404,-16548,-1024
10290,5332,-16852,-904
10300,5332,-16964,-364
10310,5288,-17084,-584
10320,5056,-16748,-232
10330,4820,-16312,-280
10340,5368,-16564,-232
10350,5036,-16008,-324
10360,4600,-16296,-88
10370,4672,-16188,40
10380,4536,-16504,204
10390,4324,-16048,-8
10400,3952,-16132,368
10410,3716,-15364,892
10420,3556,-15584,288
10430,3592,-15920,1028
10440,3768,-15660,944
10450,3288,-15828,1336
10460,2960,-15632,1300
10470,2780,-15128,936
10480,2392,-15884,1600
10490,1760,-15048,1440
10500,2340,-14684,1184
10510,2336,-13712,1220
10520,1712,-15112,1332
10530,2272,-14828,1432
10540,2196,-14276,1072
10550,1660,-14288,1316
10560,1688,-15204,888
10570,1860,-14932,1160
10580,2272,-14108,1732
10590,2292,-14468,2216
10600,2156,-15080,1896
10610,3292,-14428,1932
10620,2432,-15388,1984
10630,2552,-15460,2032
10640,2576,-15812,2276
10650,3188,-15112,2072
10660,2736,-16024,2296
10670,2948,-15360,2208
10680,3096,-16044,2416
10690,3056,-16052,2316
10700,3248,-16040,2548
10710,3236,-15988,2208
10720,3048,-16112,2228
10730,2924,-15668,2228
10740,2640,-15740,2020
10750,2552,-15768,2084
10760,2752,-15808,2000
10770,2844,-16028,1972
10780,2800,-16160,1820
10790,2544,-16116,1836
10800,2312,-16124,1816
10810,2348,-16024,2020
10820,2704,-16164,1884
10830,3028,-16160,1888
10840,3224,-15872,1928
10850,3128,-16020,1804
10860,2924,-16060,1828
10870,2960,-15948,2072
10880,2864,-16008,1964
10890,2968,-15992,1784
10900,2980,-15920,1840
10910,3008,-15880,1868
10920,3068,-15912,1876
10930,3140,-15876,1912
10940,3164,-15776,1764
10950,3236,-15848,1552
10960,3496,-16028,1240
10970,3336,-15924,1496
10980,3460,-15556,1456
10990,3804,-16112,1444
11000,3636,-15544,1224
11010,3480,-16604,1828
11020,3556,-15932,1440
11030,3400,-16200,1440
11040,3432,-15876,1556
11050,3548,-15676,1596
11060,4076,-15588,964
11070,3792,-16408,1096
11080,4028,-16076,1248
11090,3948,-15668,1240
11100,4072,-15656,1032
11110,3860,-16188,1136
11120,3844,-15708,1292
11130,3744,-15488,1332
11140,4144,-15228,984
11150,4016,-16104,1212
11160,4040,-15700,1216
11170,4208,-15836,792
11180,4392,-15848,1004
11190,4332,-15780,752
11200,4728,-15784,644
11210,4836,-15292,804
11220,4964,-15332,64
11230,4932,-15832,720
11240,5124,-15660,-44
11250,5116,-15732,184
11260,4840,-16088,324
11270,4788,-16004,288
11280,4652,-16016,256
11290,4576,-16080,332
11300,4372,-16080,-20
11310,4248,-16552,208
11320,3916,-16608,448
11330,4008,-16000,128
11340,4076,-16304,-64
11350,4080,-16300,-116
11360,3952,-16428,-324
11370,4152,-16000,-312
11380,3752,-16192,-124
11390,3852,-16088,-128
11400,4056,-16072,-140
11410,4296,-15948,-160
11420,3964,-16148,-108
11430,4044,-15848,-804
11440,4296,-15624,-224
11450,4396,-16040,-536
11460,4352,-15952,-976
11470,4308,-16060,-456
11480,4400,-15692,-576
11490,4236,-16144,-728
11500,4088,-16012,-872
11510,4080,-16068,-1316
11520,4100,-16228,-624
11530,4308,-15940,-1180
11540,4324,-15852,-1024
11550,4288,-16368,-800
11560,4284,-16232,-916
11570,4368,-16304,-1092
11580,4148,-16796,-960
11590,4260,-16432,-888
11600,4068,-16476,-796
11610,3948,-16100,-1320
11620,3848,-16092,-1256
11630,4120,-16056,-1336
11640,4220,-16048,-1364
11650,4328,-15988,-1304
11660,4384,-15732,-1552
11670,4388,-16096,-1328
11680,4180,-16224,-1372
11690,4160,-16256,-1280
11700,4512,-15940,-1500
11710,4504,-16064,-1424
11720,4484,-16216,-1208
11730,4656,-16176,-1104
11740,4576,-16044,-1188
11750,4568,-15828,-1240
11760,4536,-15696,-1796
11770,4588,-15836,-1500
11780,4736,-15688,-1612
11790,4908,-15708,-1844
11800,4888,-15604,-1896
11810,4644,-15608,-1944
11820,4588,-15820,-1856
11830,4664,-15756,-2268
11840,4868,-16280,-2352
11850,4900,-16480,-2276
11860,4876,-16548,-2528
11870,4804,-16476,-2220
11880,5132,-16928,-2184
11890,4400,-16872,-2232
11900,5132,-17372,-1900
11910,5060,-17608,-2212
11920,4964,-17532,-2184
11930,5140,-17480,-2192
11940,5156,-17404,-1764
11950,5068,-17576,-1896
11960,4868,-17340,-1972
11970,5016,-16936,-1992
11980,4952,-16904,-2024
11990,4916,-17072,-1564
12000,4924,-16660,-1432
12010,4556,-16804,-1460
12020,4468,-16512,-1428
12030,4760,-16320,-1576
12040,4604,-16632,-860
12050,4720,-16104,-964
12060,4520,-15956,-1232
12070,4460,-15696,-1428
12080,4160,-15952,-1068
12090,4276,-15656,-724
12100,4136,-15924,-1040
12110,4136,-16056,-1048
12120,4152,-16196,-384
12130,4212,-15644,-444
12140,4132,-15752,-588
12150,4384,-16028,-208
12160,4396,-15856,352
12170,4548,-15300,200
12180,4536,-15640,76
12190,4464,-15812,68
12200,4368,-15224,208
12210,4300,-15048,-188
12220,4232,-15548,172
12230,4180,-15208,192
12240,4312,-15644,92
12250,4388,-15432,316
12260,4180,-15736,660
12270,4300,-15392,732
12280,4208,-15420,880
12290,4088,-14844,976
12300,3816,-16260,1432
12310,3888,-15584,1236
12320,3668,-14708,976
12330,3412,-15412,1320
12340,3208,-16156,1616
12350,3332,-15892,1444
12360,3388,-15692,1172
12370,3348,-15656,1116
12380,3236,-15912,1100
12390,2928,-15652,1180
12400,2812,-15460,1184
12410,2924,-15012,1016
12420,2840,-15848,1200
12430,2992,-15192,1156
12440,2928,-15944,1220
12450,2968,-15748,1504
12460,2748,-15632,1468
12470,2908,-15480,1416
12480,2816,-15492,1740
12490,2884,-15580,1656
12500,2968,-15420,1544
12510,3140,-15296,1548
12520,3108,-15144,1584
12530,3140,-15376,1424
12540,3032,-15296,1568
12550,2880,-15380,1620
12560,2728,-15460,1636
12570,2604,-15296,1552
12580,2516,-15300,1564
12590,2564,-15236,1560
12600,2368,-15312,1664
12610,2404,-15416,1688
12620,2160,-15512,1604
12630,2292,-15440,1684
12640,2500,-15528,1264
12650,2692,-15604,1432
12660,2888,-15800,1272
12670,3008,-15980,1216
12680,3092,-16000,1076
12690,3232,-15972,1084
12700,3280,-15832,932
12710,3488,-15964,1036
12720,3740,-16144,996
12730,3532,-16080,856
12740,3612,-16172,680
12750,3180,-16676,1032
12760,3540,-15912,292
12770,3880,-16048,316
12780,3780,-16380,580
12790,3768,-16236,264
12800,3760,-16180,272
12810,3896,-16132,352
12820,3916,-16520,264
12830,3848,-16136,424
12840,3856,-16320,-228
12850,4100,-16396,-60
12860,4296,-16288,208
12870,4184,-16344,-172
12880,4080,-16432,-68
12890,4004,-16208,0
12900,4040,-16492,-24
12910,4120,-16260,-204
12920,4252,-16416,-320
12930,4188,-16616,-316
12940,4064,-16572,-240
12950,3992,-16424,-204
12960,3956,-16160,-292
12970,3896,-16260,-360
12980,4128,-15968,-316
12990,4208,-15976,-464
13000,4216,-16140,-440
13010,4240,-15932,-300
13020,4080,-16208,-260
13030,4140,-15936,-340
13040,4236,-16064,-576
13050,4172,-15860,-292
13060,4332,-16044,-644
13070,4124,-15956,-420
13080,3912,-15872,-332
13090,3732,-15852,-316
13100,3632,-15848,-616
13110,3628,-15448,-248
13120,3832,-15476,-240
13130,3952,-15312,-600
13140,4052,-15504,-772
13150,4028,-15556,-696
13160,3840,-15692,-1016
13170,4004,-15828,-636
13180,3876,-15652,-472
13190,3824,-15748,-956
13200,4232,-15732,-648
13210,4232,-15760,-784
13220,4048,-15968,-840
13230,4600,-15752,-1172
13240,4280,-16376,-1128
13250,4284,-16148,-1312
13260,4464,-15752,-1904
13270,4628,-16332,-1316
13280,4760,-16520,-1404
13290,4788,-16020,-908
13300,4456,-15964,-1552
13310,4560,-16452,-1716
13320,4368,-15972,-1788
13330,4664,-16140,-2000
13340,4656,-16220,-1964
13350,4424,-15892,-2076
